Наименование и арттикул,Стоимость,Наличие,Изображение
Духовой шкаф Gorenje BOS6737E06FBG,42 500,в наличии,https://vsem-darom.ru/data/220203/1545491127289149-240x240.jpg
Духовой шкаф Gorenje BOSB6737E03X,40 500,в наличии,https://vsem-darom.ru/data/211216/1958527029033554-240x240.jpg
Варочная поверхность Gorenje ECT 63 ASC,27 000,в наличии,https://vsem-darom.ru/data/211110/1731483426332571-240x240.jpg
Электрический духовой шкаф Hansa BOESS694077,45 490,в наличии,https://vsem-darom.ru/data/210812/2103506083941333-240x240.jpg
Встраиваемая посудомоечная машина Bosch SPV2IKX1CR,59 500,в наличии,https://vsem-darom.ru/data/210323/2147458209689361-240x240.jpg
Духовой шкаф Gorenje BO715E10MG,31 900,в наличии,https://vsem-darom.ru/data/201120/1734544514968016-240x240.jpg
Встраиваемая посудомоечная машина Bosch SMV25BX04R,60 300,в наличии,https://vsem-darom.ru/data/201014/2210021849290122-240x240.jpg
Электрический духовой шкаф Midea MO 57105X,37 500,в наличии,https://vsem-darom.ru/data/200923/1656343720011406-240x240.jpg
Мойка для кухни Thor D4848P 48х48см нержавеющая сталь (80190020),2 000,в наличии,https://vsem-darom.ru/data/191026/2120149257360747-240x240.jpg
Варочная панель Gorenje ECT 643 SYW,31 490,в наличии,https://vsem-darom.ru/data/190920/1954393264250878-240x240.jpg
Электрический духовой шкаф Hansa BOEI68461,36 390,в наличии,https://vsem-darom.ru/data/190905/1129181340291562-240x240.jpg
Варочная панель Gorenje CT43SC,22 600,в наличии,https://vsem-darom.ru/data/190902/2026421028367591-240x240.jpg
Духовой шкаф Gorenje BO735E11W,32 900,в наличии,https://vsem-darom.ru/data/190605/1659124951585768-240x240.jpg
Встраиваемый холодильник Whirlpool SP40 802 EU,180 000,в наличии,https://vsem-darom.ru/data/190404/1719478056362776-240x240.jpg
Духовой шкаф Gorenje + GCS 873 B,80 000,в наличии,https://vsem-darom.ru/data/181204/2205468355027397-240x240.jpg
Варочная поверхность Gorenje ECT 643 WCSC,30 000,в наличии,https://vsem-darom.ru/data/181015/1916131905139718-240x240.jpg
Варочная поверхность Gorenje ECT 322 BCSC,26 000,в наличии,https://vsem-darom.ru/data/180911/1935566212786896-240x240.jpg
Варочная поверхность Gorenje ECT 648 ORAW,43 000,в наличии,https://vsem-darom.ru/data/180827/1906066910098999-240x240.jpg
Электрический духовой шкаф MBS DE-607 BL,29 900,в наличии,https://vsem-darom.ru/data/180614/1915458671225475-240x240.jpg
Электрический духовой шкаф MBS DE-606 BL,29 900,в наличии,https://vsem-darom.ru/data/180614/1903262938851039-240x240.jpg
Кухонная мойка LAVA U1.CREMA кремовый,5 250,в наличии,https://vsem-darom.ru/data/180328/2256144438265465-240x240.jpg
Кухонная мойка LAVA U1.COFFEE кофе,5 250,в наличии,https://vsem-darom.ru/data/180328/2254042195658945-240x240.jpg
Стиральная машина Beko WRE 55P2 BWW,25 400,в наличии,https://vsem-darom.ru/data/180323/1316447115936157-240x240.jpg
Духовой шкаф Gorenje BO637ORAW,43 400,в наличии,https://vsem-darom.ru/data/171101/2229493012387826-240x240.jpg
Плита электрическая Hansa FCCW 53008,39 190,в наличии,https://vsem-darom.ru/data/171012/1554451385827415-240x240.jpg
Холодильник Bosch KGV36NW1AR,45 900,в наличии,https://vsem-darom.ru/data/170823/2140324220885963-240x240.jpg
Встраиваемая микроволновая печь Teka MWE 207 FI White,26 990,в наличии,https://vsem-darom.ru/data/160804/1958094715727879-240x240.jpg
Встраиваемая посудомоечная машина Hansa ZIM 476 H,44 690,в наличии,https://vsem-darom.ru/data/160603/1930141025934289-240x240.jpg
Кухонная мойка LAVA D2.VNL ваниль,5 700,в наличии,https://vsem-darom.ru/data/160412/2124283808098035-240x240.jpg
Кухонная мойка LAVA D2.CAM сафари,5 700,в наличии,https://vsem-darom.ru/data/160412/2053283397059212-240x240.jpg
Кухонная мойка LAVA L4.LAT белый,4 300,в наличии,https://vsem-darom.ru/data/160411/1827373868839699-240x240.jpg
Кухонная мойка LAVA L3.CRE кремовый,4 400,в наличии,https://vsem-darom.ru/data/160411/1514223459540662-240x240.jpg
Кухонная мойка LAVA E3.CAM сафари,4 250,в наличии,https://vsem-darom.ru/data/160410/2123455141137612-240x240.jpg
Кухонная мойка LAVA E1.LAT белый,3 450,в наличии,https://vsem-darom.ru/data/160410/1941176877844635-240x240.jpg
Вытяжка Jetair Suri 60/A/WH,12 900,в наличии,https://vsem-darom.ru/data/160326/2059387915885769-240x240.jpg
Вытяжка Jetair Ariel 60/A/BL,16 900,в наличии,https://vsem-darom.ru/data/160326/2038157322483215-240x240.jpg
Электрический духовой шкаф Hansa BOEI694721,41 990,под заказ,https://vsem-darom.ru/data/211005/2214059760770516-240x240.jpg
Электрический духовой шкаф Hansa BOES68461,36 390,под заказ,https://vsem-darom.ru/data/210812/2102024876585904-240x240.jpg
Варочная поверхность Hansa BHC331077,14 290,под заказ,https://vsem-darom.ru/data/210524/1728246477682245-240x240.jpg
Индукционная варочная панель Hansa BHI68302,24 000,под заказ,https://vsem-darom.ru/data/210323/2240499315466996-240x240.jpg
